{
	"IcoMoonType": "selection",
	"icons": [
		{
			"icon": {
				"paths": [
					"M512 81.92c-237.568 0-430.080 192.614-430.080 430.080 0 237.568 192.563 430.080 430.080 430.080 237.517 0 430.080-192.563 430.080-430.080 0-237.517-192.563-430.080-430.080-430.080zM600.525 512l156.723 156.723-88.525 88.525-156.723-156.723-156.723 156.723-88.474-88.525 156.672-156.723-156.672-156.672 88.474-88.525 156.723 156.672 156.723-156.672 88.525 88.474-156.723 156.723z"
				],
				"attrs": [],
				"tags": [
					"cross",
					"cancel",
					"close",
					"remove",
					"delete"
				],
				"grid": 16
			},
			"attrs": [],
			"properties": {
				"id": 126,
				"order": 9,
				"prevSize": 20,
				"code": 58887,
				"name": "cross"
			},
			"setIdx": 0,
			"iconIdx": 7
		}
	],
	"height": 1024,
	"metadata": {
		"name": "glyphicons-database"
	},
	"preferences": {
		"fontPref": {
			"prefix": "icon-",
			"metadata": {
				"fontFamily": "glyphicons-database",
				"majorVersion": 1,
				"minorVersion": 0
			},
			"showGlyphs": true,
			"metrics": {
				"emSize": 1024,
				"baseline": 6.25,
				"whitespace": 50
			},
			"resetPoint": 58880,
			"showQuickUse": true,
			"quickUsageToken": false,
			"showMetrics": true,
			"showMetadata": false,
			"autoHost": true,
			"ie7": true,
			"showSelector": true,
			"selector": "",
			"classSelector": ".icon"
		},
		"imagePref": {
			"color": 0,
			"height": 32,
			"columns": 16,
			"margin": 16,
			"png": false,
			"sprites": true
		},
		"historySize": 100,
		"showCodes": true,
		"gridSize": 16,
		"showLiga": false,
		"showGrid": true,
		"showGlyphs": true,
		"showQuickUse": true,
		"showQuickUse2": true,
		"showSVGs": true,
		"search": "",
		"quickUsageToken": {
			"icons": "YWE4NzU0ZDJhNTdiMDc4ZTZkMTUyZWQ1NjlhYTE2OTIjMSMxNDE3NTIzOTQzIyMj"
		}
	}
}